instance_name,configLB,configValSplit,lastNDCpu
Kirlik14-ILP_p-4_n-20_m-10_ins-10,WLP,med,89.0017
Kirlik14-ILP_p-4_n-20_m-10_ins-10,WLP,mofv,74.3851
Kirlik14-ILP_p-4_n-20_m-10_ins-10,WLP,rand,92.4609
Kirlik14-ILP_p-4_n-20_m-10_ins-7,WLP,med,1143.73
Kirlik14-ILP_p-4_n-20_m-10_ins-7,WLP,mofv,1509.27
Kirlik14-ILP_p-4_n-20_m-10_ins-7,WLP,rand,1239.53
Kirlik14-ILP_p-4_n-20_m-10_ins-8,WLP,med,423.225
Kirlik14-ILP_p-4_n-20_m-10_ins-8,WLP,mofv,373.474
Kirlik14-ILP_p-4_n-20_m-10_ins-8,WLP,rand,392.727
Kirlik14-ILP_p-4_n-20_m-10_ins-9,WLP,med,61.8013
Kirlik14-ILP_p-4_n-20_m-10_ins-9,WLP,mofv,50.1437
Kirlik14-ILP_p-4_n-20_m-10_ins-9,WLP,rand,50.5184
Kirlik14-ILP_p-4_n-30_m-15_ins-1,WLP,med,496.765
Kirlik14-ILP_p-4_n-30_m-15_ins-1,WLP,mofv,419.605
Kirlik14-ILP_p-4_n-30_m-15_ins-1,WLP,rand,438.691
Kirlik14-ILP_p-4_n-30_m-15_ins-10,WLP,med,3506.45
Kirlik14-ILP_p-4_n-30_m-15_ins-10,WLP,mofv,3297.73
Kirlik14-ILP_p-4_n-30_m-15_ins-10,WLP,rand,3553.39
Kirlik14-ILP_p-4_n-30_m-15_ins-2,WLP,med,3588.65
Kirlik14-ILP_p-4_n-30_m-15_ins-2,WLP,mofv,3574.74
Kirlik14-ILP_p-4_n-30_m-15_ins-2,WLP,rand,3557.22
Kirlik14-ILP_p-4_n-30_m-15_ins-3,WLP,med,3509.92
Kirlik14-ILP_p-4_n-30_m-15_ins-3,WLP,mofv,3581.71
Kirlik14-ILP_p-4_n-30_m-15_ins-3,WLP,rand,3598.58
Kirlik14-ILP_p-4_n-30_m-15_ins-4,WLP,med,3578.89
Kirlik14-ILP_p-4_n-30_m-15_ins-4,WLP,mofv,3595.35
Kirlik14-ILP_p-4_n-30_m-15_ins-4,WLP,rand,2149.67
Kirlik14-ILP_p-4_n-30_m-15_ins-5,WLP,med,2293.99
Kirlik14-ILP_p-4_n-30_m-15_ins-5,WLP,mofv,2123.82
Kirlik14-ILP_p-4_n-30_m-15_ins-5,WLP,rand,3030.92
Kirlik14-ILP_p-4_n-30_m-15_ins-6,WLP,med,51.3431
Kirlik14-ILP_p-4_n-30_m-15_ins-6,WLP,mofv,50.9804
Kirlik14-ILP_p-4_n-30_m-15_ins-6,WLP,rand,52.7986
Kirlik14-ILP_p-4_n-30_m-15_ins-7,WLP,med,1135.75
Kirlik14-ILP_p-4_n-30_m-15_ins-7,WLP,mofv,1025.3
Kirlik14-ILP_p-4_n-30_m-15_ins-7,WLP,rand,1227.43
Kirlik14-ILP_p-4_n-30_m-15_ins-8,WLP,med,3596.14
Kirlik14-ILP_p-4_n-30_m-15_ins-8,WLP,mofv,3598.58
Kirlik14-ILP_p-4_n-30_m-15_ins-8,WLP,rand,3308.89
Kirlik14-ILP_p-4_n-30_m-15_ins-9,WLP,med,2275.01
Kirlik14-ILP_p-4_n-30_m-15_ins-9,WLP,mofv,1397.46
Kirlik14-ILP_p-4_n-30_m-15_ins-9,WLP,rand,1361.45
Kirlik14-ILP_p-5_n-10_m-5_ins-1,WLP,med,2.84491
Kirlik14-ILP_p-5_n-10_m-5_ins-1,WLP,mofv,3.04779
Kirlik14-ILP_p-5_n-10_m-5_ins-1,WLP,rand,3.5315
Kirlik14-ILP_p-5_n-10_m-5_ins-10,WLP,med,18.7614
Kirlik14-ILP_p-5_n-10_m-5_ins-10,WLP,mofv,16.4271
Kirlik14-ILP_p-5_n-10_m-5_ins-10,WLP,rand,34.2752
Kirlik14-ILP_p-5_n-10_m-5_ins-2,WLP,med,13.6277
Kirlik14-ILP_p-5_n-10_m-5_ins-2,WLP,mofv,11.4475
Kirlik14-ILP_p-5_n-10_m-5_ins-2,WLP,rand,12.6322
Kirlik14-ILP_p-5_n-10_m-5_ins-3,WLP,med,15.4308
Kirlik14-ILP_p-5_n-10_m-5_ins-3,WLP,mofv,14.6887
Kirlik14-ILP_p-5_n-10_m-5_ins-3,WLP,rand,14.5898
Kirlik14-ILP_p-5_n-10_m-5_ins-4,WLP,med,8.11944
Kirlik14-ILP_p-5_n-10_m-5_ins-4,WLP,mofv,9.40116
Kirlik14-ILP_p-5_n-10_m-5_ins-4,WLP,rand,9.92911
Kirlik14-ILP_p-5_n-10_m-5_ins-5,WLP,med,21.3186
Kirlik14-ILP_p-5_n-10_m-5_ins-5,WLP,mofv,14.6377
Kirlik14-ILP_p-5_n-10_m-5_ins-5,WLP,rand,23.146
Kirlik14-ILP_p-5_n-10_m-5_ins-6,WLP,med,2.79299
Kirlik14-ILP_p-5_n-10_m-5_ins-6,WLP,mofv,2.79771
Kirlik14-ILP_p-5_n-10_m-5_ins-6,WLP,rand,2.67651
Kirlik14-ILP_p-5_n-10_m-5_ins-7,WLP,med,2.20373
Kirlik14-ILP_p-5_n-10_m-5_ins-7,WLP,mofv,1.97135
Kirlik14-ILP_p-5_n-10_m-5_ins-7,WLP,rand,2.9921
Kirlik14-ILP_p-5_n-10_m-5_ins-8,WLP,med,9.40123
Kirlik14-ILP_p-5_n-10_m-5_ins-8,WLP,mofv,10.6097
Kirlik14-ILP_p-5_n-10_m-5_ins-8,WLP,rand,9.73995
Kirlik14-ILP_p-5_n-10_m-5_ins-9,WLP,med,0.98038
Kirlik14-ILP_p-5_n-10_m-5_ins-9,WLP,mofv,0.829177
Kirlik14-ILP_p-5_n-10_m-5_ins-9,WLP,rand,0.86661
Kirlik14-ILP_p-5_n-20_m-10_ins-1,WLP,med,3528.53
Kirlik14-ILP_p-5_n-20_m-10_ins-1,WLP,mofv,746.747
Kirlik14-ILP_p-5_n-20_m-10_ins-1,WLP,rand,3517.84
Kirlik14-ILP_p-5_n-20_m-10_ins-10,WLP,med,3599.88
Kirlik14-ILP_p-5_n-20_m-10_ins-10,WLP,mofv,3586.53
Kirlik14-ILP_p-5_n-20_m-10_ins-10,WLP,rand,3591.52
Kirlik14-ILP_p-5_n-20_m-10_ins-2,WLP,med,545.983
Kirlik14-ILP_p-5_n-20_m-10_ins-2,WLP,mofv,504.125
Kirlik14-ILP_p-5_n-20_m-10_ins-2,WLP,rand,541.685
Kirlik14-ILP_p-5_n-20_m-10_ins-3,WLP,med,3597.4
Kirlik14-ILP_p-5_n-20_m-10_ins-3,WLP,mofv,3585
Kirlik14-ILP_p-5_n-20_m-10_ins-3,WLP,rand,2957.2
Kirlik14-ILP_p-5_n-20_m-10_ins-4,WLP,med,3595.34
Kirlik14-ILP_p-5_n-20_m-10_ins-4,WLP,mofv,3572.53
Kirlik14-ILP_p-5_n-20_m-10_ins-4,WLP,rand,3565.22
Kirlik14-ILP_p-5_n-20_m-10_ins-5,WLP,med,3337.61
Kirlik14-ILP_p-5_n-20_m-10_ins-5,WLP,mofv,1575.56
Kirlik14-ILP_p-5_n-20_m-10_ins-5,WLP,rand,1737.29
Kirlik14-ILP_p-5_n-20_m-10_ins-6,WLP,med,160.27
Kirlik14-ILP_p-5_n-20_m-10_ins-6,WLP,mofv,126.933
Kirlik14-ILP_p-5_n-20_m-10_ins-6,WLP,rand,104.582
Kirlik14-ILP_p-5_n-20_m-10_ins-7,WLP,med,3600.01
Kirlik14-ILP_p-5_n-20_m-10_ins-7,WLP,mofv,3176.05
Kirlik14-ILP_p-5_n-20_m-10_ins-7,WLP,rand,3533.15
Kirlik14-ILP_p-5_n-20_m-10_ins-8,WLP,med,1381.11
Kirlik14-ILP_p-5_n-20_m-10_ins-8,WLP,mofv,1117.56
Kirlik14-ILP_p-5_n-20_m-10_ins-8,WLP,rand,823.274
Kirlik14-ILP_p-5_n-20_m-10_ins-9,WLP,med,3532.16
Kirlik14-ILP_p-5_n-20_m-10_ins-9,WLP,mofv,3505.1
Kirlik14-ILP_p-5_n-20_m-10_ins-9,WLP,rand,3583.1
Kirlik14-ILP_p-3_n-10_m-5_ins-1,WLP,med,1.02456
Kirlik14-ILP_p-3_n-10_m-5_ins-1,WLP,mofv,0.816425
Kirlik14-ILP_p-3_n-10_m-5_ins-1,WLP,rand,1.16791
Kirlik14-ILP_p-3_n-10_m-5_ins-10,WLP,med,0.250995
Kirlik14-ILP_p-3_n-10_m-5_ins-10,WLP,mofv,0.340028
Kirlik14-ILP_p-3_n-10_m-5_ins-10,WLP,rand,0.443597
Kirlik14-ILP_p-3_n-10_m-5_ins-2,WLP,med,0.907965
Kirlik14-ILP_p-3_n-10_m-5_ins-2,WLP,mofv,1.41396
Kirlik14-ILP_p-3_n-10_m-5_ins-2,WLP,rand,1.75385
Kirlik14-ILP_p-3_n-10_m-5_ins-3,WLP,med,2.15562
Kirlik14-ILP_p-3_n-10_m-5_ins-3,WLP,mofv,1.96394
Kirlik14-ILP_p-3_n-10_m-5_ins-3,WLP,rand,1.96156
Kirlik14-ILP_p-3_n-10_m-5_ins-4,WLP,med,4.31857
Kirlik14-ILP_p-3_n-10_m-5_ins-4,WLP,mofv,3.98266
Kirlik14-ILP_p-3_n-10_m-5_ins-4,WLP,rand,4.18311
Kirlik14-ILP_p-3_n-10_m-5_ins-5,WLP,med,1.91267
Kirlik14-ILP_p-3_n-10_m-5_ins-5,WLP,mofv,1.6701
Kirlik14-ILP_p-3_n-10_m-5_ins-5,WLP,rand,1.6896
Kirlik14-ILP_p-3_n-10_m-5_ins-6,WLP,med,0.135372
Kirlik14-ILP_p-3_n-10_m-5_ins-6,WLP,mofv,0.136425
Kirlik14-ILP_p-3_n-10_m-5_ins-6,WLP,rand,0.1367
Kirlik14-ILP_p-3_n-10_m-5_ins-7,WLP,med,1.40065
Kirlik14-ILP_p-3_n-10_m-5_ins-7,WLP,mofv,1.01191
Kirlik14-ILP_p-3_n-10_m-5_ins-7,WLP,rand,1.24244
Kirlik14-ILP_p-3_n-10_m-5_ins-8,WLP,med,8.03521
Kirlik14-ILP_p-3_n-10_m-5_ins-8,WLP,mofv,7.17053
Kirlik14-ILP_p-3_n-10_m-5_ins-8,WLP,rand,6.41539
Kirlik14-ILP_p-3_n-10_m-5_ins-9,WLP,med,0.759191
Kirlik14-ILP_p-3_n-10_m-5_ins-9,WLP,mofv,0.875985
Kirlik14-ILP_p-3_n-10_m-5_ins-9,WLP,rand,0.558122
Kirlik14-ILP_p-3_n-20_m-10_ins-1,WLP,med,22.16
Kirlik14-ILP_p-3_n-20_m-10_ins-1,WLP,mofv,21.9352
Kirlik14-ILP_p-3_n-20_m-10_ins-1,WLP,rand,20.1547
Kirlik14-ILP_p-3_n-20_m-10_ins-10,WLP,med,20.1262
Kirlik14-ILP_p-3_n-20_m-10_ins-10,WLP,mofv,20.0827
Kirlik14-ILP_p-3_n-20_m-10_ins-10,WLP,rand,21.2351
Kirlik14-ILP_p-3_n-20_m-10_ins-2,WLP,med,6.77981
Kirlik14-ILP_p-3_n-20_m-10_ins-2,WLP,mofv,5.69691
Kirlik14-ILP_p-3_n-20_m-10_ins-2,WLP,rand,4.35255
Kirlik14-ILP_p-3_n-20_m-10_ins-3,WLP,med,23.6358
Kirlik14-ILP_p-3_n-20_m-10_ins-3,WLP,mofv,20.0772
Kirlik14-ILP_p-3_n-20_m-10_ins-3,WLP,rand,21.9265
Kirlik14-ILP_p-3_n-20_m-10_ins-4,WLP,med,2.66483
Kirlik14-ILP_p-3_n-20_m-10_ins-4,WLP,mofv,2.76792
Kirlik14-ILP_p-3_n-20_m-10_ins-4,WLP,rand,2.78143
Kirlik14-ILP_p-3_n-20_m-10_ins-5,WLP,med,1.82065
Kirlik14-ILP_p-3_n-20_m-10_ins-5,WLP,mofv,1.99932
Kirlik14-ILP_p-3_n-20_m-10_ins-5,WLP,rand,1.90185
Kirlik14-ILP_p-3_n-20_m-10_ins-6,WLP,med,16.1254
Kirlik14-ILP_p-3_n-20_m-10_ins-6,WLP,mofv,15.4003
Kirlik14-ILP_p-3_n-20_m-10_ins-6,WLP,rand,13.7237
Kirlik14-ILP_p-3_n-20_m-10_ins-7,WLP,med,83.7625
Kirlik14-ILP_p-3_n-20_m-10_ins-7,WLP,mofv,82.5235
Kirlik14-ILP_p-3_n-20_m-10_ins-7,WLP,rand,100.079
Kirlik14-ILP_p-3_n-20_m-10_ins-8,WLP,med,52.9042
Kirlik14-ILP_p-3_n-20_m-10_ins-8,WLP,mofv,41.6673
Kirlik14-ILP_p-3_n-20_m-10_ins-8,WLP,rand,39.1324
Kirlik14-ILP_p-3_n-20_m-10_ins-9,WLP,med,18.083
Kirlik14-ILP_p-3_n-20_m-10_ins-9,WLP,mofv,17.2012
Kirlik14-ILP_p-3_n-20_m-10_ins-9,WLP,rand,22.5417
Kirlik14-ILP_p-3_n-30_m-15_ins-1,WLP,med,634.857
Kirlik14-ILP_p-3_n-30_m-15_ins-1,WLP,mofv,604.239
Kirlik14-ILP_p-3_n-30_m-15_ins-1,WLP,rand,549.167
Kirlik14-ILP_p-3_n-30_m-15_ins-10,WLP,med,89.5096
Kirlik14-ILP_p-3_n-30_m-15_ins-10,WLP,mofv,60.8952
Kirlik14-ILP_p-3_n-30_m-15_ins-10,WLP,rand,62.0124
Kirlik14-ILP_p-3_n-30_m-15_ins-2,WLP,med,42.0614
Kirlik14-ILP_p-3_n-30_m-15_ins-2,WLP,mofv,41.9548
Kirlik14-ILP_p-3_n-30_m-15_ins-2,WLP,rand,47.9708
Kirlik14-ILP_p-3_n-30_m-15_ins-3,WLP,med,3418.29
Kirlik14-ILP_p-3_n-30_m-15_ins-3,WLP,mofv,3595.28
Kirlik14-ILP_p-3_n-30_m-15_ins-3,WLP,rand,3593.92
Kirlik14-ILP_p-3_n-30_m-15_ins-4,WLP,med,1005.58
Kirlik14-ILP_p-3_n-30_m-15_ins-4,WLP,mofv,873.541
Kirlik14-ILP_p-3_n-30_m-15_ins-4,WLP,rand,999.551
Kirlik14-ILP_p-3_n-30_m-15_ins-5,WLP,med,394.038
Kirlik14-ILP_p-3_n-30_m-15_ins-5,WLP,mofv,389.199
Kirlik14-ILP_p-3_n-30_m-15_ins-5,WLP,rand,365.503
Kirlik14-ILP_p-3_n-30_m-15_ins-6,WLP,med,244.666
Kirlik14-ILP_p-3_n-30_m-15_ins-6,WLP,mofv,242.945
Kirlik14-ILP_p-3_n-30_m-15_ins-6,WLP,rand,288.301
Kirlik14-ILP_p-3_n-30_m-15_ins-7,WLP,med,281.439
Kirlik14-ILP_p-3_n-30_m-15_ins-7,WLP,mofv,307.196
Kirlik14-ILP_p-3_n-30_m-15_ins-7,WLP,rand,344.739
Kirlik14-ILP_p-3_n-30_m-15_ins-8,WLP,med,3593.88
Kirlik14-ILP_p-3_n-30_m-15_ins-8,WLP,mofv,3544.75
Kirlik14-ILP_p-3_n-30_m-15_ins-8,WLP,rand,3541.4
Kirlik14-ILP_p-3_n-30_m-15_ins-9,WLP,med,224.201
Kirlik14-ILP_p-3_n-30_m-15_ins-9,WLP,mofv,251.981
Kirlik14-ILP_p-3_n-30_m-15_ins-9,WLP,rand,257.669
Kirlik14-ILP_p-3_n-40_m-20_ins-1,WLP,med,1582.55
Kirlik14-ILP_p-3_n-40_m-20_ins-1,WLP,mofv,1558.62
Kirlik14-ILP_p-3_n-40_m-20_ins-1,WLP,rand,1615.82
Kirlik14-ILP_p-3_n-40_m-20_ins-10,WLP,med,3579.86
Kirlik14-ILP_p-3_n-40_m-20_ins-10,WLP,mofv,3590.73
Kirlik14-ILP_p-3_n-40_m-20_ins-10,WLP,rand,3413.32
Kirlik14-ILP_p-3_n-40_m-20_ins-2,WLP,med,219.333
Kirlik14-ILP_p-3_n-40_m-20_ins-2,WLP,mofv,240.162
Kirlik14-ILP_p-3_n-40_m-20_ins-2,WLP,rand,302.861
Kirlik14-ILP_p-3_n-40_m-20_ins-3,WLP,med,1502.48
Kirlik14-ILP_p-3_n-40_m-20_ins-3,WLP,mofv,1864.62
Kirlik14-ILP_p-3_n-40_m-20_ins-3,WLP,rand,2496.43
Kirlik14-ILP_p-3_n-40_m-20_ins-4,WLP,med,972.294
Kirlik14-ILP_p-3_n-40_m-20_ins-4,WLP,mofv,845.121
Kirlik14-ILP_p-3_n-40_m-20_ins-4,WLP,rand,1273.68
Kirlik14-ILP_p-3_n-40_m-20_ins-5,WLP,med,3562.73
Kirlik14-ILP_p-3_n-40_m-20_ins-5,WLP,mofv,3540.69
Kirlik14-ILP_p-3_n-40_m-20_ins-5,WLP,rand,3581.33
Kirlik14-ILP_p-3_n-40_m-20_ins-6,WLP,mofv,3596.61
Kirlik14-ILP_p-3_n-40_m-20_ins-6,WLP,rand,3390.8
Kirlik14-ILP_p-3_n-40_m-20_ins-10,WLP,med,3579.86
Kirlik14-ILP_p-3_n-40_m-20_ins-10,WLP,mofv,3590.73
Kirlik14-ILP_p-3_n-40_m-20_ins-10,WLP,rand,3413.32
Kirlik14-ILP_p-3_n-40_m-20_ins-7,WLP,med,776.267
Kirlik14-ILP_p-3_n-40_m-20_ins-7,WLP,mofv,723.651
Kirlik14-ILP_p-3_n-40_m-20_ins-7,WLP,rand,842.256
Kirlik14-ILP_p-3_n-40_m-20_ins-8,WLP,med,1926.43
Kirlik14-ILP_p-3_n-40_m-20_ins-8,WLP,mofv,1842.7
Kirlik14-ILP_p-3_n-40_m-20_ins-8,WLP,rand,3544.71
Kirlik14-ILP_p-3_n-40_m-20_ins-9,WLP,med,3514.18
Kirlik14-ILP_p-3_n-40_m-20_ins-9,WLP,mofv,3595.21
Kirlik14-ILP_p-3_n-40_m-20_ins-9,WLP,rand,3586.25
Kirlik14-ILP_p-4_n-10_m-5_ins-1,WLP,med,10.3634
Kirlik14-ILP_p-4_n-10_m-5_ins-1,WLP,mofv,9.346
Kirlik14-ILP_p-4_n-10_m-5_ins-1,WLP,rand,9.06724
Kirlik14-ILP_p-4_n-10_m-5_ins-10,WLP,med,0.933295
Kirlik14-ILP_p-4_n-10_m-5_ins-10,WLP,mofv,1.35638
Kirlik14-ILP_p-4_n-10_m-5_ins-10,WLP,rand,1.22705
Kirlik14-ILP_p-4_n-10_m-5_ins-2,WLP,med,1.8963
Kirlik14-ILP_p-4_n-10_m-5_ins-2,WLP,mofv,1.7495
Kirlik14-ILP_p-4_n-10_m-5_ins-2,WLP,rand,1.73401
Kirlik14-ILP_p-4_n-10_m-5_ins-3,WLP,med,11.4958
Kirlik14-ILP_p-4_n-10_m-5_ins-3,WLP,mofv,11.7092
Kirlik14-ILP_p-4_n-10_m-5_ins-3,WLP,rand,11.0182
Kirlik14-ILP_p-4_n-10_m-5_ins-4,WLP,med,0.751948
Kirlik14-ILP_p-4_n-10_m-5_ins-4,WLP,mofv,0.902715
Kirlik14-ILP_p-4_n-10_m-5_ins-4,WLP,rand,0.874428
Kirlik14-ILP_p-4_n-10_m-5_ins-5,WLP,med,10.7054
Kirlik14-ILP_p-4_n-10_m-5_ins-5,WLP,mofv,11.1308
Kirlik14-ILP_p-4_n-10_m-5_ins-5,WLP,rand,11.4173
Kirlik14-ILP_p-4_n-10_m-5_ins-6,WLP,med,7.45681
Kirlik14-ILP_p-4_n-10_m-5_ins-6,WLP,mofv,7.2494
Kirlik14-ILP_p-4_n-10_m-5_ins-6,WLP,rand,7.23476
Kirlik14-ILP_p-4_n-10_m-5_ins-7,WLP,med,2.24756
Kirlik14-ILP_p-4_n-10_m-5_ins-7,WLP,mofv,2.12945
Kirlik14-ILP_p-4_n-10_m-5_ins-7,WLP,rand,2.19145
Kirlik14-ILP_p-4_n-10_m-5_ins-8,WLP,med,1.3571
Kirlik14-ILP_p-4_n-10_m-5_ins-8,WLP,mofv,1.30976
Kirlik14-ILP_p-4_n-10_m-5_ins-8,WLP,rand,1.1273
Kirlik14-ILP_p-4_n-10_m-5_ins-9,WLP,med,2.80254
Kirlik14-ILP_p-4_n-10_m-5_ins-9,WLP,mofv,1.87436
Kirlik14-ILP_p-4_n-10_m-5_ins-9,WLP,rand,2.37191
Kirlik14-ILP_p-4_n-20_m-10_ins-1,WLP,med,239.905
Kirlik14-ILP_p-4_n-20_m-10_ins-1,WLP,mofv,194.669
Kirlik14-ILP_p-4_n-20_m-10_ins-1,WLP,rand,209.389
Kirlik14-ILP_p-4_n-20_m-10_ins-2,WLP,med,17.7028
Kirlik14-ILP_p-4_n-20_m-10_ins-2,WLP,mofv,16.67
Kirlik14-ILP_p-4_n-20_m-10_ins-2,WLP,rand,16.8949
Kirlik14-ILP_p-4_n-20_m-10_ins-3,WLP,med,10.3232
Kirlik14-ILP_p-4_n-20_m-10_ins-3,WLP,mofv,8.47416
Kirlik14-ILP_p-4_n-20_m-10_ins-3,WLP,rand,8.88036
Kirlik14-ILP_p-4_n-20_m-10_ins-4,WLP,med,447.496
Kirlik14-ILP_p-4_n-20_m-10_ins-4,WLP,mofv,378.154
Kirlik14-ILP_p-4_n-20_m-10_ins-4,WLP,rand,597.422
Kirlik14-ILP_p-4_n-20_m-10_ins-5,WLP,med,466.105
Kirlik14-ILP_p-4_n-20_m-10_ins-5,WLP,mofv,460.689
Kirlik14-ILP_p-4_n-20_m-10_ins-5,WLP,rand,400.461
Kirlik14-ILP_p-4_n-20_m-10_ins-6,WLP,med,363.892
Kirlik14-ILP_p-4_n-20_m-10_ins-6,WLP,mofv,302.298
Kirlik14-ILP_p-4_n-20_m-10_ins-6,WLP,rand,289.157
Kirlik14-ILP_p-3_n-10_m-5_ins-1,LP,mofv,1.3104
Kirlik14-ILP_p-3_n-10_m-5_ins-10,LP,mofv,0.477769
Kirlik14-ILP_p-3_n-10_m-5_ins-2,LP,mofv,1.99414
Kirlik14-ILP_p-3_n-10_m-5_ins-3,LP,mofv,2.99497
Kirlik14-ILP_p-3_n-10_m-5_ins-4,LP,mofv,6.20516
Kirlik14-ILP_p-3_n-10_m-5_ins-5,LP,mofv,2.81438
Kirlik14-ILP_p-3_n-10_m-5_ins-6,LP,mofv,0.157803
Kirlik14-ILP_p-3_n-10_m-5_ins-7,LP,mofv,1.7464
Kirlik14-ILP_p-3_n-10_m-5_ins-8,LP,mofv,11.8646
Kirlik14-ILP_p-3_n-10_m-5_ins-9,LP,mofv,1.05947
Kirlik14-ILP_p-3_n-20_m-10_ins-1,LP,mofv,31.452
Kirlik14-ILP_p-3_n-20_m-10_ins-10,LP,mofv,27.317
Kirlik14-ILP_p-3_n-20_m-10_ins-2,LP,mofv,8.93998
Kirlik14-ILP_p-3_n-20_m-10_ins-3,LP,mofv,29.5858
Kirlik14-ILP_p-3_n-20_m-10_ins-4,LP,mofv,4.23323
Kirlik14-ILP_p-3_n-20_m-10_ins-5,LP,mofv,2.65055
Kirlik14-ILP_p-3_n-20_m-10_ins-6,LP,mofv,22.5439
Kirlik14-ILP_p-3_n-20_m-10_ins-7,LP,mofv,111.777
Kirlik14-ILP_p-3_n-20_m-10_ins-8,LP,mofv,66.6124
Kirlik14-ILP_p-3_n-20_m-10_ins-9,LP,mofv,24.2067
Kirlik14-ILP_p-3_n-30_m-15_ins-1,LP,mofv,682.378
Kirlik14-ILP_p-3_n-30_m-15_ins-10,LP,mofv,86.4653
Kirlik14-ILP_p-3_n-30_m-15_ins-2,LP,mofv,58.8273
Kirlik14-ILP_p-3_n-30_m-15_ins-3,LP,mofv,3269.77
Kirlik14-ILP_p-3_n-30_m-15_ins-4,LP,mofv,1028.67
Kirlik14-ILP_p-3_n-30_m-15_ins-5,LP,mofv,482.869
Kirlik14-ILP_p-3_n-30_m-15_ins-6,LP,mofv,308.022
Kirlik14-ILP_p-3_n-30_m-15_ins-7,LP,mofv,370.253
Kirlik14-ILP_p-3_n-30_m-15_ins-8,LP,mofv,2873.34
Kirlik14-ILP_p-3_n-30_m-15_ins-9,LP,mofv,239.04
Kirlik14-ILP_p-4_n-10_m-5_ins-1,LP,mofv,15.7893
Kirlik14-ILP_p-4_n-10_m-5_ins-10,LP,mofv,2.05097
Kirlik14-ILP_p-4_n-10_m-5_ins-2,LP,mofv,3.07641
Kirlik14-ILP_p-4_n-10_m-5_ins-3,LP,mofv,19.7255
Kirlik14-ILP_p-4_n-10_m-5_ins-4,LP,mofv,1.16961
Kirlik14-ILP_p-4_n-10_m-5_ins-5,LP,mofv,19.0694
Kirlik14-ILP_p-4_n-10_m-5_ins-6,LP,mofv,13.4671
Kirlik14-ILP_p-4_n-10_m-5_ins-7,LP,mofv,3.22083
Kirlik14-ILP_p-4_n-10_m-5_ins-8,LP,mofv,2.04206
Kirlik14-ILP_p-4_n-10_m-5_ins-9,LP,mofv,3.17337
Kirlik14-ILP_p-4_n-20_m-10_ins-1,LP,mofv,339.428
Kirlik14-ILP_p-4_n-20_m-10_ins-10,LP,mofv,108.98
Kirlik14-ILP_p-4_n-20_m-10_ins-2,LP,mofv,29.789
Kirlik14-ILP_p-4_n-20_m-10_ins-3,LP,mofv,16.0661
Kirlik14-ILP_p-4_n-20_m-10_ins-4,LP,mofv,603.28
Kirlik14-ILP_p-4_n-20_m-10_ins-5,LP,mofv,710.414
Kirlik14-ILP_p-4_n-20_m-10_ins-6,LP,mofv,514.223
Kirlik14-ILP_p-4_n-20_m-10_ins-7,LP,mofv,1845.61
Kirlik14-ILP_p-4_n-20_m-10_ins-8,LP,mofv,554.392
Kirlik14-ILP_p-4_n-20_m-10_ins-9,LP,mofv,87.2262
Kirlik14-ILP_p-4_n-30_m-15_ins-1,LP,mofv,540.919
Kirlik14-ILP_p-4_n-30_m-15_ins-10,LP,mofv,3462.43
Kirlik14-ILP_p-4_n-30_m-15_ins-2,LP,mofv,3582.83
Kirlik14-ILP_p-4_n-30_m-15_ins-3,LP,mofv,1704.07
Kirlik14-ILP_p-4_n-30_m-15_ins-4,LP,mofv,3595.8
Kirlik14-ILP_p-4_n-30_m-15_ins-5,LP,mofv,2116.68
Kirlik14-ILP_p-4_n-30_m-15_ins-6,LP,mofv,67.9979
Kirlik14-ILP_p-4_n-30_m-15_ins-7,LP,mofv,1284.51
Kirlik14-ILP_p-4_n-30_m-15_ins-8,LP,mofv,3370
Kirlik14-ILP_p-4_n-30_m-15_ins-9,LP,mofv,1852.34
Kirlik14-ILP_p-5_n-10_m-5_ins-1,LP,mofv,5.75119
Kirlik14-ILP_p-5_n-10_m-5_ins-10,LP,mofv,24.6481
Kirlik14-ILP_p-5_n-10_m-5_ins-2,LP,mofv,14.9313
Kirlik14-ILP_p-5_n-10_m-5_ins-3,LP,mofv,19.484
Kirlik14-ILP_p-5_n-10_m-5_ins-4,LP,mofv,12.7801
Kirlik14-ILP_p-5_n-10_m-5_ins-5,LP,mofv,21.6921
Kirlik14-ILP_p-5_n-10_m-5_ins-6,LP,mofv,3.66828
Kirlik14-ILP_p-5_n-10_m-5_ins-7,LP,mofv,2.34203
Kirlik14-ILP_p-5_n-10_m-5_ins-8,LP,mofv,12.031
Kirlik14-ILP_p-5_n-10_m-5_ins-9,LP,mofv,1.20388
Kirlik14-ILP_p-5_n-20_m-10_ins-1,LP,mofv,3588.05
Kirlik14-ILP_p-5_n-20_m-10_ins-10,LP,mofv,3581.06
Kirlik14-ILP_p-5_n-20_m-10_ins-2,LP,mofv,545.452
Kirlik14-ILP_p-5_n-20_m-10_ins-3,LP,mofv,3448.87
Kirlik14-ILP_p-5_n-20_m-10_ins-4,LP,mofv,3599.75
Kirlik14-ILP_p-5_n-20_m-10_ins-5,LP,mofv,3597.59
Kirlik14-ILP_p-5_n-20_m-10_ins-6,LP,mofv,156.583
Kirlik14-ILP_p-5_n-20_m-10_ins-7,LP,mofv,3022.32
Kirlik14-ILP_p-5_n-20_m-10_ins-8,LP,mofv,536.779
Kirlik14-ILP_p-5_n-20_m-10_ins-9,LP,mofv,3598.42
Kirlik14-ILP_p-3_n-10_m-5_ins-1,LP,mofvRevisited,1.63387
Kirlik14-ILP_p-3_n-10_m-5_ins-1,WLP,mofvRevisited,1.06447
Kirlik14-ILP_p-3_n-10_m-5_ins-10,LP,mofvRevisited,0.614329
Kirlik14-ILP_p-3_n-10_m-5_ins-10,WLP,mofvRevisited,0.472184
Kirlik14-ILP_p-3_n-10_m-5_ins-2,LP,mofvRevisited,2.24725
Kirlik14-ILP_p-3_n-10_m-5_ins-2,WLP,mofvRevisited,1.80255
Kirlik14-ILP_p-3_n-10_m-5_ins-3,LP,mofvRevisited,3.65422
Kirlik14-ILP_p-3_n-10_m-5_ins-3,WLP,mofvRevisited,2.54932
Kirlik14-ILP_p-3_n-10_m-5_ins-4,LP,mofvRevisited,8.10775
Kirlik14-ILP_p-3_n-10_m-5_ins-4,WLP,mofvRevisited,4.90776
Kirlik14-ILP_p-3_n-10_m-5_ins-5,LP,mofvRevisited,3.46247
Kirlik14-ILP_p-3_n-10_m-5_ins-5,WLP,mofvRevisited,2.12543
Kirlik14-ILP_p-3_n-10_m-5_ins-6,LP,mofvRevisited,0.26101
Kirlik14-ILP_p-3_n-10_m-5_ins-6,WLP,mofvRevisited,0.239038
Kirlik14-ILP_p-3_n-10_m-5_ins-7,LP,mofvRevisited,2.23996
Kirlik14-ILP_p-3_n-10_m-5_ins-7,WLP,mofvRevisited,1.78939
Kirlik14-ILP_p-3_n-10_m-5_ins-8,LP,mofvRevisited,14.6808
Kirlik14-ILP_p-3_n-10_m-5_ins-8,WLP,mofvRevisited,8.72863
Kirlik14-ILP_p-3_n-10_m-5_ins-9,LP,mofvRevisited,1.38948
Kirlik14-ILP_p-3_n-10_m-5_ins-9,WLP,mofvRevisited,1.05345
Kirlik14-ILP_p-3_n-10_m-5_ins-1,WLP,med2,1.08528
Kirlik14-ILP_p-3_n-10_m-5_ins-1,WLP,mofvRevisited2,0.812105
Kirlik14-ILP_p-3_n-10_m-5_ins-10,WLP,med2,0.312657
Kirlik14-ILP_p-3_n-10_m-5_ins-10,WLP,mofvRevisited2,0.358729
Kirlik14-ILP_p-3_n-10_m-5_ins-2,WLP,med2,0.931535
Kirlik14-ILP_p-3_n-10_m-5_ins-2,WLP,mofvRevisited2,1.35734
Kirlik14-ILP_p-3_n-10_m-5_ins-3,WLP,med2,2.01632
Kirlik14-ILP_p-3_n-10_m-5_ins-3,WLP,mofvRevisited2,1.91205
Kirlik14-ILP_p-3_n-10_m-5_ins-4,WLP,med2,4.52565
Kirlik14-ILP_p-3_n-10_m-5_ins-4,WLP,mofvRevisited2,3.86875
Kirlik14-ILP_p-3_n-10_m-5_ins-5,WLP,med2,1.88533
Kirlik14-ILP_p-3_n-10_m-5_ins-5,WLP,mofvRevisited2,1.63926
Kirlik14-ILP_p-3_n-10_m-5_ins-6,WLP,med2,0.145357
Kirlik14-ILP_p-3_n-10_m-5_ins-6,WLP,mofvRevisited2,0.136603
Kirlik14-ILP_p-3_n-10_m-5_ins-7,WLP,med2,1.60967
Kirlik14-ILP_p-3_n-10_m-5_ins-7,WLP,mofvRevisited2,0.995587
Kirlik14-ILP_p-3_n-10_m-5_ins-8,WLP,med2,7.98431
Kirlik14-ILP_p-3_n-10_m-5_ins-8,WLP,mofvRevisited2,7.01268
Kirlik14-ILP_p-3_n-10_m-5_ins-9,WLP,med2,0.812116
Kirlik14-ILP_p-3_n-10_m-5_ins-9,WLP,mofvRevisited2,0.77753
Kirlik14-ILP_p-4_n-10_m-5_ins-1,WLP,med2,11.0131
Kirlik14-ILP_p-4_n-10_m-5_ins-1,WLP,mofvRevisited2,9.54373
Kirlik14-ILP_p-4_n-10_m-5_ins-10,WLP,med2,1.02295
Kirlik14-ILP_p-4_n-10_m-5_ins-10,WLP,mofvRevisited2,1.3806
Kirlik14-ILP_p-4_n-10_m-5_ins-2,WLP,med2,1.96796
Kirlik14-ILP_p-4_n-10_m-5_ins-2,WLP,mofvRevisited2,1.81402
Kirlik14-ILP_p-4_n-10_m-5_ins-3,WLP,med2,11.8795
Kirlik14-ILP_p-4_n-10_m-5_ins-3,WLP,mofvRevisited2,12.2595
Kirlik14-ILP_p-4_n-10_m-5_ins-4,WLP,med2,0.85727
Kirlik14-ILP_p-4_n-10_m-5_ins-4,WLP,mofvRevisited2,0.705985
Kirlik14-ILP_p-4_n-10_m-5_ins-5,WLP,med2,11.1668
Kirlik14-ILP_p-4_n-10_m-5_ins-5,WLP,mofvRevisited2,11.4417
Kirlik14-ILP_p-4_n-10_m-5_ins-6,WLP,med2,7.34465
Kirlik14-ILP_p-4_n-10_m-5_ins-6,WLP,mofvRevisited2,7.93031
Kirlik14-ILP_p-4_n-10_m-5_ins-7,WLP,med2,2.40752
Kirlik14-ILP_p-4_n-10_m-5_ins-7,WLP,mofvRevisited2,2.22461
Kirlik14-ILP_p-4_n-10_m-5_ins-8,WLP,med2,1.40138
Kirlik14-ILP_p-4_n-10_m-5_ins-8,WLP,mofvRevisited2,1.38685
Kirlik14-ILP_p-4_n-10_m-5_ins-9,WLP,med2,3.0669
Kirlik14-ILP_p-4_n-10_m-5_ins-9,WLP,mofvRevisited2,1.94129
Kirlik14-ILP_p-5_n-10_m-5_ins-1,WLP,med2,2.7889
Kirlik14-ILP_p-5_n-10_m-5_ins-1,WLP,mofvRevisited2,3.18797
Kirlik14-ILP_p-5_n-10_m-5_ins-10,WLP,med2,18.1914
Kirlik14-ILP_p-5_n-10_m-5_ins-10,WLP,mofvRevisited2,16.7955
Kirlik14-ILP_p-5_n-10_m-5_ins-2,WLP,med2,13.609
Kirlik14-ILP_p-5_n-10_m-5_ins-2,WLP,mofvRevisited2,11.2685
Kirlik14-ILP_p-5_n-10_m-5_ins-3,WLP,med2,15.4245
Kirlik14-ILP_p-5_n-10_m-5_ins-3,WLP,mofvRevisited2,14.7868
Kirlik14-ILP_p-5_n-10_m-5_ins-4,WLP,med2,8.21309
Kirlik14-ILP_p-5_n-10_m-5_ins-4,WLP,mofvRevisited2,9.41042
Kirlik14-ILP_p-5_n-10_m-5_ins-5,WLP,med2,20.4936
Kirlik14-ILP_p-5_n-10_m-5_ins-5,WLP,mofvRevisited2,14.0306
Kirlik14-ILP_p-5_n-10_m-5_ins-6,WLP,med2,2.7201
Kirlik14-ILP_p-5_n-10_m-5_ins-6,WLP,mofvRevisited2,2.94234
Kirlik14-ILP_p-5_n-10_m-5_ins-7,WLP,med2,2.23063
Kirlik14-ILP_p-5_n-10_m-5_ins-7,WLP,mofvRevisited2,1.98721
Kirlik14-ILP_p-5_n-10_m-5_ins-8,WLP,med2,9.88368
Kirlik14-ILP_p-5_n-10_m-5_ins-8,WLP,mofvRevisited2,10.8878
Kirlik14-ILP_p-5_n-10_m-5_ins-9,WLP,med2,1.02217
Kirlik14-ILP_p-5_n-10_m-5_ins-9,WLP,mofvRevisited2,0.875212
Kirlik14-ILP_p-3_n-20_m-10_ins-1,WLP,med2,21.6713
Kirlik14-ILP_p-3_n-20_m-10_ins-1,WLP,mofvRevisited2,19.9726
Kirlik14-ILP_p-3_n-20_m-10_ins-10,WLP,med2,18.6006
Kirlik14-ILP_p-3_n-20_m-10_ins-10,WLP,mofvRevisited2,17.9796
Kirlik14-ILP_p-3_n-20_m-10_ins-2,WLP,med2,5.91931
Kirlik14-ILP_p-3_n-20_m-10_ins-2,WLP,mofvRevisited2,5.57515
Kirlik14-ILP_p-3_n-20_m-10_ins-3,WLP,med2,24.3965
Kirlik14-ILP_p-3_n-20_m-10_ins-3,WLP,mofvRevisited2,20.1641
Kirlik14-ILP_p-3_n-20_m-10_ins-4,WLP,med2,3.10357
Kirlik14-ILP_p-3_n-20_m-10_ins-4,WLP,mofvRevisited2,2.6093
Kirlik14-ILP_p-3_n-20_m-10_ins-5,WLP,med2,1.94688
Kirlik14-ILP_p-3_n-20_m-10_ins-5,WLP,mofvRevisited2,1.99236
Kirlik14-ILP_p-3_n-20_m-10_ins-6,WLP,med2,16.0858
Kirlik14-ILP_p-3_n-20_m-10_ins-6,WLP,mofvRevisited2,13.6959
Kirlik14-ILP_p-3_n-20_m-10_ins-7,WLP,med2,79.3286
Kirlik14-ILP_p-3_n-20_m-10_ins-7,WLP,mofvRevisited2,83.1307
Kirlik14-ILP_p-3_n-20_m-10_ins-8,WLP,med2,53.2716
Kirlik14-ILP_p-3_n-20_m-10_ins-8,WLP,mofvRevisited2,42.5065
Kirlik14-ILP_p-3_n-20_m-10_ins-9,WLP,med2,17.4884
Kirlik14-ILP_p-3_n-20_m-10_ins-9,WLP,mofvRevisited2,17.1322
Kirlik14-ILP_p-3_n-30_m-15_ins-1,WLP,med2,621.762
Kirlik14-ILP_p-3_n-30_m-15_ins-1,WLP,mofvRevisited2,621.942
Kirlik14-ILP_p-3_n-30_m-15_ins-10,WLP,med2,63.4467
Kirlik14-ILP_p-3_n-30_m-15_ins-10,WLP,mofvRevisited2,56.4693
Kirlik14-ILP_p-3_n-30_m-15_ins-2,WLP,med2,40.1843
Kirlik14-ILP_p-3_n-30_m-15_ins-2,WLP,mofvRevisited2,36.8483
Kirlik14-ILP_p-3_n-30_m-15_ins-3,WLP,med2,3571.64
Kirlik14-ILP_p-3_n-30_m-15_ins-3,WLP,mofvRevisited2,3587.71
Kirlik14-ILP_p-3_n-30_m-15_ins-4,WLP,med2,916.656
Kirlik14-ILP_p-3_n-30_m-15_ins-4,WLP,mofvRevisited2,855.683
Kirlik14-ILP_p-3_n-30_m-15_ins-5,WLP,med2,372.077
Kirlik14-ILP_p-3_n-30_m-15_ins-5,WLP,mofvRevisited2,387.815
Kirlik14-ILP_p-3_n-30_m-15_ins-6,WLP,med2,222.61
Kirlik14-ILP_p-3_n-30_m-15_ins-6,WLP,mofvRevisited2,221.989
Kirlik14-ILP_p-3_n-30_m-15_ins-7,WLP,med2,269.391
Kirlik14-ILP_p-3_n-30_m-15_ins-7,WLP,mofvRevisited2,286.78
Kirlik14-ILP_p-3_n-30_m-15_ins-8,WLP,med2,3596.19
Kirlik14-ILP_p-3_n-30_m-15_ins-8,WLP,mofvRevisited2,3597.5
Kirlik14-ILP_p-3_n-30_m-15_ins-9,WLP,med2,170.094
Kirlik14-ILP_p-3_n-30_m-15_ins-9,WLP,mofvRevisited2,168.336
Kirlik14-ILP_p-4_n-20_m-10_ins-1,WLP,med2,254.451
Kirlik14-ILP_p-4_n-20_m-10_ins-1,WLP,mofvRevisited2,205.51
Kirlik14-ILP_p-4_n-20_m-10_ins-2,WLP,med2,19.7516
Kirlik14-ILP_p-4_n-20_m-10_ins-2,WLP,mofvRevisited2,18.1423
Kirlik14-ILP_p-4_n-20_m-10_ins-3,WLP,med2,10.5706
Kirlik14-ILP_p-4_n-20_m-10_ins-3,WLP,mofvRevisited2,9.23718
Kirlik14-ILP_p-4_n-20_m-10_ins-4,WLP,med2,463.431
Kirlik14-ILP_p-4_n-20_m-10_ins-4,WLP,mofvRevisited2,410.679
Kirlik14-ILP_p-4_n-20_m-10_ins-5,WLP,med2,481.603
Kirlik14-ILP_p-4_n-20_m-10_ins-5,WLP,mofvRevisited2,493.278
Kirlik14-ILP_p-4_n-20_m-10_ins-6,WLP,med2,389.536
Kirlik14-ILP_p-4_n-20_m-10_ins-6,WLP,mofvRevisited2,315.479
Kirlik14-ILP_p-4_n-20_m-10_ins-7,WLP,med2,1181.7
Kirlik14-ILP_p-4_n-20_m-10_ins-7,WLP,mofvRevisited2,1453.35
Kirlik14-ILP_p-4_n-20_m-10_ins-8,WLP,med2,416.456
Kirlik14-ILP_p-4_n-20_m-10_ins-8,WLP,mofvRevisited2,366.62
Kirlik14-ILP_p-4_n-20_m-10_ins-9,WLP,med2,58.0305
Kirlik14-ILP_p-4_n-20_m-10_ins-9,WLP,mofvRevisited2,51.304
Kirlik14-KP_p-3_n-10_ins-1,LP,mofvRevisited2,0.079286
Kirlik14-KP_p-3_n-10_ins-1,WLP,mofvRevisited2,0.0650158
Kirlik14-KP_p-3_n-10_ins-10,LP,mofvRevisited2,0.115298
Kirlik14-KP_p-3_n-10_ins-10,WLP,mofvRevisited2,0.0741127
Kirlik14-KP_p-3_n-10_ins-2,LP,mofvRevisited2,0.241419
Kirlik14-KP_p-3_n-10_ins-2,WLP,mofvRevisited2,0.248234
Kirlik14-KP_p-3_n-10_ins-3,LP,mofvRevisited2,0.110001
Kirlik14-KP_p-3_n-10_ins-3,WLP,mofvRevisited2,0.0932559
Kirlik14-KP_p-3_n-10_ins-4,LP,mofvRevisited2,0.0443583
Kirlik14-KP_p-3_n-10_ins-4,WLP,mofvRevisited2,0.0436514
Kirlik14-KP_p-3_n-10_ins-5,LP,mofvRevisited2,0.288876
Kirlik14-KP_p-3_n-10_ins-5,WLP,mofvRevisited2,0.22668
Kirlik14-KP_p-3_n-10_ins-6,LP,mofvRevisited2,0.19063
Kirlik14-KP_p-3_n-10_ins-6,WLP,mofvRevisited2,0.084538
Kirlik14-KP_p-3_n-10_ins-7,LP,mofvRevisited2,0.154623
Kirlik14-KP_p-3_n-10_ins-7,WLP,mofvRevisited2,0.119617
Kirlik14-KP_p-3_n-10_ins-8,LP,mofvRevisited2,0.177708
Kirlik14-KP_p-3_n-10_ins-8,WLP,mofvRevisited2,0.128981
Kirlik14-KP_p-3_n-10_ins-9,LP,mofvRevisited2,0.218168
Kirlik14-KP_p-3_n-10_ins-9,WLP,mofvRevisited2,0.165075
Kirlik14-KP_p-3_n-20_ins-1,LP,mofvRevisited2,3.91301
Kirlik14-KP_p-3_n-20_ins-1,WLP,mofvRevisited2,2.80698
Kirlik14-KP_p-3_n-20_ins-10,LP,mofvRevisited2,1.32505
Kirlik14-KP_p-3_n-20_ins-10,WLP,mofvRevisited2,1.11009
Kirlik14-KP_p-3_n-20_ins-2,LP,mofvRevisited2,4.97161
Kirlik14-KP_p-3_n-20_ins-2,WLP,mofvRevisited2,3.06992
Kirlik14-KP_p-3_n-20_ins-3,LP,mofvRevisited2,2.05071
Kirlik14-KP_p-3_n-20_ins-3,WLP,mofvRevisited2,1.63701
Kirlik14-KP_p-3_n-20_ins-4,LP,mofvRevisited2,4.70808
Kirlik14-KP_p-3_n-20_ins-4,WLP,mofvRevisited2,3.19105
Kirlik14-KP_p-3_n-20_ins-5,LP,mofvRevisited2,11.2413
Kirlik14-KP_p-3_n-20_ins-5,WLP,mofvRevisited2,7.69532
Kirlik14-KP_p-3_n-20_ins-6,LP,mofvRevisited2,5.44907
Kirlik14-KP_p-3_n-20_ins-6,WLP,mofvRevisited2,4.23208
Kirlik14-KP_p-3_n-20_ins-7,LP,mofvRevisited2,4.93775
Kirlik14-KP_p-3_n-20_ins-7,WLP,mofvRevisited2,3.46199
Kirlik14-KP_p-3_n-20_ins-8,LP,mofvRevisited2,3.5487
Kirlik14-KP_p-3_n-20_ins-8,WLP,mofvRevisited2,2.70915
Kirlik14-KP_p-3_n-20_ins-9,LP,mofvRevisited2,2.07561
Kirlik14-KP_p-3_n-20_ins-9,WLP,mofvRevisited2,1.49194
Kirlik14-KP_p-3_n-30_ins-1,LP,mofvRevisited2,50.2336
Kirlik14-KP_p-3_n-30_ins-1,WLP,mofvRevisited2,33.603
Kirlik14-KP_p-3_n-30_ins-10,LP,mofvRevisited2,26.41
Kirlik14-KP_p-3_n-30_ins-10,WLP,mofvRevisited2,19.5834
Kirlik14-KP_p-3_n-30_ins-2,LP,mofvRevisited2,174.113
Kirlik14-KP_p-3_n-30_ins-2,WLP,mofvRevisited2,95.6321
Kirlik14-KP_p-3_n-30_ins-3,LP,mofvRevisited2,94.3275
Kirlik14-KP_p-3_n-30_ins-3,WLP,mofvRevisited2,68.0657
Kirlik14-KP_p-3_n-30_ins-4,LP,mofvRevisited2,35.2438
Kirlik14-KP_p-3_n-30_ins-4,WLP,mofvRevisited2,21.7207
Kirlik14-KP_p-3_n-30_ins-5,LP,mofvRevisited2,26.8538
Kirlik14-KP_p-3_n-30_ins-5,WLP,mofvRevisited2,19.6161
Kirlik14-KP_p-3_n-30_ins-6,LP,mofvRevisited2,91.4656
Kirlik14-KP_p-3_n-30_ins-6,WLP,mofvRevisited2,56.9021
Kirlik14-KP_p-3_n-30_ins-7,LP,mofvRevisited2,354.257
Kirlik14-KP_p-3_n-30_ins-7,WLP,mofvRevisited2,218.303
Kirlik14-KP_p-3_n-30_ins-8,LP,mofvRevisited2,132.474
Kirlik14-KP_p-3_n-30_ins-8,WLP,mofvRevisited2,89.7944
Kirlik14-KP_p-3_n-30_ins-9,LP,mofvRevisited2,131.372
Kirlik14-KP_p-3_n-30_ins-9,WLP,mofvRevisited2,92.8255
Kirlik14-KP_p-3_n-40_ins-1,LP,mofvRevisited2,3597.94
Kirlik14-KP_p-3_n-40_ins-1,LP,mofvRevisited2,3597.94
Kirlik14-KP_p-3_n-40_ins-1,WLP,mofvRevisited2,2365.01
Kirlik14-KP_p-3_n-40_ins-10,LP,mofvRevisited2,601.311
Kirlik14-KP_p-3_n-40_ins-10,WLP,mofvRevisited2,361.066
Kirlik14-KP_p-3_n-40_ins-2,LP,mofvRevisited2,367.845
Kirlik14-KP_p-3_n-40_ins-2,WLP,mofvRevisited2,245.442
Kirlik14-KP_p-3_n-40_ins-3,LP,mofvRevisited2,1965.4
Kirlik14-KP_p-3_n-40_ins-3,WLP,mofvRevisited2,1439.2
Kirlik14-KP_p-3_n-40_ins-4,LP,mofvRevisited2,667.828
Kirlik14-KP_p-3_n-40_ins-4,WLP,mofvRevisited2,470.561
Kirlik14-KP_p-3_n-40_ins-5,LP,mofvRevisited2,1020.67
Kirlik14-KP_p-3_n-40_ins-5,WLP,mofvRevisited2,629.129
Kirlik14-KP_p-3_n-40_ins-6,LP,mofvRevisited2,1183.95
Kirlik14-KP_p-3_n-40_ins-6,WLP,mofvRevisited2,729.226
Kirlik14-KP_p-3_n-40_ins-7,LP,mofvRevisited2,753.672
Kirlik14-KP_p-3_n-40_ins-7,WLP,mofvRevisited2,497.107
Kirlik14-KP_p-3_n-40_ins-8,LP,mofvRevisited2,347.534
Kirlik14-KP_p-3_n-40_ins-8,WLP,mofvRevisited2,231.514
Kirlik14-KP_p-3_n-40_ins-9,LP,mofvRevisited2,967.826
Kirlik14-KP_p-3_n-40_ins-9,WLP,mofvRevisited2,743.925
Kirlik14-KP_p-4_n-10_ins-1,LP,mofvRevisited2,0.364048
Kirlik14-KP_p-4_n-10_ins-1,WLP,mofvRevisited2,0.264037
Kirlik14-KP_p-4_n-10_ins-10,LP,mofvRevisited2,0.222798
Kirlik14-KP_p-4_n-10_ins-10,WLP,mofvRevisited2,0.170482
Kirlik14-KP_p-4_n-10_ins-2,LP,mofvRevisited2,0.31788
Kirlik14-KP_p-4_n-10_ins-2,WLP,mofvRevisited2,0.261586
Kirlik14-KP_p-4_n-10_ins-3,LP,mofvRevisited2,0.1583
Kirlik14-KP_p-4_n-10_ins-3,WLP,mofvRevisited2,0.116187
Kirlik14-KP_p-4_n-10_ins-4,LP,mofvRevisited2,0.132477
Kirlik14-KP_p-4_n-10_ins-4,WLP,mofvRevisited2,0.103291
Kirlik14-KP_p-4_n-10_ins-5,LP,mofvRevisited2,0.250474
Kirlik14-KP_p-4_n-10_ins-5,WLP,mofvRevisited2,0.16713
Kirlik14-KP_p-4_n-10_ins-6,LP,mofvRevisited2,0.330753
Kirlik14-KP_p-4_n-10_ins-6,WLP,mofvRevisited2,0.251212
Kirlik14-KP_p-4_n-10_ins-7,LP,mofvRevisited2,0.315788
Kirlik14-KP_p-4_n-10_ins-7,WLP,mofvRevisited2,0.207828
Kirlik14-KP_p-4_n-10_ins-8,LP,mofvRevisited2,0.045894
Kirlik14-KP_p-4_n-10_ins-8,WLP,mofvRevisited2,0.0427394
Kirlik14-KP_p-4_n-10_ins-9,LP,mofvRevisited2,0.588537
Kirlik14-KP_p-4_n-10_ins-9,WLP,mofvRevisited2,0.442376
Kirlik14-KP_p-4_n-20_ins-1,LP,mofvRevisited2,6.6103
Kirlik14-KP_p-4_n-20_ins-1,WLP,mofvRevisited2,5.01858
Kirlik14-KP_p-4_n-20_ins-10,LP,mofvRevisited2,28.5766
Kirlik14-KP_p-4_n-20_ins-10,WLP,mofvRevisited2,19.4154
Kirlik14-KP_p-4_n-20_ins-2,LP,mofvRevisited2,57.2925
Kirlik14-KP_p-4_n-20_ins-2,WLP,mofvRevisited2,38.3071
Kirlik14-KP_p-4_n-20_ins-3,LP,mofvRevisited2,57.8169
Kirlik14-KP_p-4_n-20_ins-3,WLP,mofvRevisited2,41.3862
Kirlik14-KP_p-4_n-20_ins-4,LP,mofvRevisited2,3.12519
Kirlik14-KP_p-4_n-20_ins-4,WLP,mofvRevisited2,2.40725
Kirlik14-KP_p-4_n-20_ins-5,LP,mofvRevisited2,11.4502
Kirlik14-KP_p-4_n-20_ins-5,WLP,mofvRevisited2,8.1402
Kirlik14-KP_p-4_n-20_ins-6,LP,mofvRevisited2,55.3983
Kirlik14-KP_p-4_n-20_ins-6,WLP,mofvRevisited2,37.7371
Kirlik14-KP_p-4_n-20_ins-7,LP,mofvRevisited2,51.6609
Kirlik14-KP_p-4_n-20_ins-7,WLP,mofvRevisited2,38.6506
Kirlik14-KP_p-4_n-20_ins-8,LP,mofvRevisited2,11.0072
Kirlik14-KP_p-4_n-20_ins-8,WLP,mofvRevisited2,9.01089
Kirlik14-KP_p-4_n-20_ins-9,LP,mofvRevisited2,11.3038
Kirlik14-KP_p-4_n-20_ins-9,WLP,mofvRevisited2,8.23649
Kirlik14-KP_p-4_n-30_ins-1,LP,mofvRevisited2,513.336
Kirlik14-KP_p-4_n-30_ins-1,WLP,mofvRevisited2,352.82
Kirlik14-KP_p-4_n-30_ins-10,LP,mofvRevisited2,609.139
Kirlik14-KP_p-4_n-30_ins-10,WLP,mofvRevisited2,452.101
Kirlik14-KP_p-4_n-30_ins-2,LP,mofvRevisited2,558.66
Kirlik14-KP_p-4_n-30_ins-2,WLP,mofvRevisited2,432.208
Kirlik14-KP_p-4_n-30_ins-3,LP,mofvRevisited2,94.1452
Kirlik14-KP_p-4_n-30_ins-3,WLP,mofvRevisited2,79.2419
Kirlik14-KP_p-4_n-30_ins-4,LP,mofvRevisited2,363.566
Kirlik14-KP_p-4_n-30_ins-4,WLP,mofvRevisited2,238.99
Kirlik14-KP_p-4_n-30_ins-5,LP,mofvRevisited2,106.669
Kirlik14-KP_p-4_n-30_ins-5,WLP,mofvRevisited2,72.3673
Kirlik14-KP_p-4_n-30_ins-6,LP,mofvRevisited2,201.142
Kirlik14-KP_p-4_n-30_ins-6,WLP,mofvRevisited2,132.999
Kirlik14-KP_p-4_n-30_ins-7,LP,mofvRevisited2,428.269
Kirlik14-KP_p-4_n-30_ins-7,WLP,mofvRevisited2,303.835
Kirlik14-KP_p-4_n-30_ins-8,LP,mofvRevisited2,301.149
Kirlik14-KP_p-4_n-30_ins-8,WLP,mofvRevisited2,210.748
Kirlik14-KP_p-4_n-30_ins-9,LP,mofvRevisited2,173.514
Kirlik14-KP_p-4_n-30_ins-9,WLP,mofvRevisited2,122.611
Kirlik14-KP_p-5_n-10_ins-1,LP,mofvRevisited2,0.519868
Kirlik14-KP_p-5_n-10_ins-1,WLP,mofvRevisited2,0.485344
Kirlik14-KP_p-5_n-10_ins-10,LP,mofvRevisited2,0.297251
Kirlik14-KP_p-5_n-10_ins-10,WLP,mofvRevisited2,0.266278
Kirlik14-KP_p-5_n-10_ins-2,LP,mofvRevisited2,0.366795
Kirlik14-KP_p-5_n-10_ins-2,WLP,mofvRevisited2,0.311336
Kirlik14-KP_p-5_n-10_ins-3,LP,mofvRevisited2,0.635375
Kirlik14-KP_p-5_n-10_ins-3,WLP,mofvRevisited2,0.612164
Kirlik14-KP_p-5_n-10_ins-4,LP,mofvRevisited2,0.778089
Kirlik14-KP_p-5_n-10_ins-4,WLP,mofvRevisited2,0.696275
Kirlik14-KP_p-5_n-10_ins-5,LP,mofvRevisited2,0.291051
Kirlik14-KP_p-5_n-10_ins-5,WLP,mofvRevisited2,0.261226
Kirlik14-KP_p-5_n-10_ins-6,LP,mofvRevisited2,0.190842
Kirlik14-KP_p-5_n-10_ins-6,WLP,mofvRevisited2,0.148507
Kirlik14-KP_p-5_n-10_ins-7,LP,mofvRevisited2,0.178615
Kirlik14-KP_p-5_n-10_ins-7,WLP,mofvRevisited2,0.15519
Kirlik14-KP_p-5_n-10_ins-8,LP,mofvRevisited2,0.484143
Kirlik14-KP_p-5_n-10_ins-8,WLP,mofvRevisited2,0.411524
Kirlik14-KP_p-5_n-10_ins-9,LP,mofvRevisited2,0.321089
Kirlik14-KP_p-5_n-10_ins-9,WLP,mofvRevisited2,0.274876
Kirlik14-KP_p-5_n-20_ins-1,LP,mofvRevisited2,120.047
Kirlik14-KP_p-5_n-20_ins-1,WLP,mofvRevisited2,106.828
Kirlik14-KP_p-5_n-20_ins-10,LP,mofvRevisited2,163.614
Kirlik14-KP_p-5_n-20_ins-10,WLP,mofvRevisited2,148.547
Kirlik14-KP_p-5_n-20_ins-2,LP,mofvRevisited2,28.8769
Kirlik14-KP_p-5_n-20_ins-2,WLP,mofvRevisited2,27.4003
Kirlik14-KP_p-5_n-20_ins-3,LP,mofvRevisited2,15.3593
Kirlik14-KP_p-5_n-20_ins-3,WLP,mofvRevisited2,12.909
Kirlik14-KP_p-5_n-20_ins-4,LP,mofvRevisited2,6.35818
Kirlik14-KP_p-5_n-20_ins-4,WLP,mofvRevisited2,5.85904
Kirlik14-KP_p-5_n-20_ins-5,LP,mofvRevisited2,27.9845
Kirlik14-KP_p-5_n-20_ins-5,WLP,mofvRevisited2,26.4449
Kirlik14-KP_p-5_n-20_ins-6,LP,mofvRevisited2,24.6277
Kirlik14-KP_p-5_n-20_ins-6,WLP,mofvRevisited2,23.47
Kirlik14-KP_p-5_n-20_ins-7,LP,mofvRevisited2,19.4497
Kirlik14-KP_p-5_n-20_ins-7,WLP,mofvRevisited2,18.0363
Kirlik14-KP_p-5_n-20_ins-8,LP,mofvRevisited2,116.176
Kirlik14-KP_p-5_n-20_ins-8,WLP,mofvRevisited2,106.182
Kirlik14-KP_p-5_n-20_ins-9,LP,mofvRevisited2,26.9974
Kirlik14-KP_p-5_n-20_ins-9,WLP,mofvRevisited2,22.9312
Kirlik14-ILP_p-3_n-10_m-5_ins-1,LP,mofvRevisited2,1.24477
Kirlik14-ILP_p-3_n-10_m-5_ins-10,LP,mofvRevisited2,0.46702
Kirlik14-ILP_p-3_n-10_m-5_ins-2,LP,mofvRevisited2,1.77573
Kirlik14-ILP_p-3_n-10_m-5_ins-3,LP,mofvRevisited2,3.04434
Kirlik14-ILP_p-3_n-10_m-5_ins-4,LP,mofvRevisited2,6.08398
Kirlik14-ILP_p-3_n-10_m-5_ins-5,LP,mofvRevisited2,2.72371
Kirlik14-ILP_p-3_n-10_m-5_ins-6,LP,mofvRevisited2,0.15655
Kirlik14-ILP_p-3_n-10_m-5_ins-7,LP,mofvRevisited2,1.61608
Kirlik14-ILP_p-3_n-10_m-5_ins-8,LP,mofvRevisited2,11.4451
Kirlik14-ILP_p-3_n-10_m-5_ins-9,LP,mofvRevisited2,1.01955
Kirlik14-ILP_p-3_n-20_m-10_ins-1,LP,mofvRevisited2,27.9939
Kirlik14-ILP_p-3_n-20_m-10_ins-10,LP,mofvRevisited2,24.6835
Kirlik14-ILP_p-3_n-20_m-10_ins-2,LP,mofvRevisited2,8.2997
Kirlik14-ILP_p-3_n-20_m-10_ins-3,LP,mofvRevisited2,33.2346
Kirlik14-ILP_p-3_n-20_m-10_ins-4,LP,mofvRevisited2,4.1161
Kirlik14-ILP_p-3_n-20_m-10_ins-5,LP,mofvRevisited2,2.39818
Kirlik14-ILP_p-3_n-20_m-10_ins-6,LP,mofvRevisited2,19.5857
Kirlik14-ILP_p-3_n-20_m-10_ins-7,LP,mofvRevisited2,105.766
Kirlik14-ILP_p-3_n-20_m-10_ins-8,LP,mofvRevisited2,62.4992
Kirlik14-ILP_p-3_n-20_m-10_ins-9,LP,mofvRevisited2,23.1351
Kirlik14-ILP_p-3_n-30_m-15_ins-1,LP,mofvRevisited2,715.884
Kirlik14-ILP_p-3_n-30_m-15_ins-10,LP,mofvRevisited2,80.2295
Kirlik14-ILP_p-3_n-30_m-15_ins-2,LP,mofvRevisited2,57.9824
Kirlik14-ILP_p-3_n-30_m-15_ins-3,LP,mofvRevisited2,3144.48
Kirlik14-ILP_p-3_n-30_m-15_ins-4,LP,mofvRevisited2,1062.53
Kirlik14-ILP_p-3_n-30_m-15_ins-5,LP,mofvRevisited2,458.256
Kirlik14-ILP_p-3_n-30_m-15_ins-6,LP,mofvRevisited2,325.629
Kirlik14-ILP_p-3_n-30_m-15_ins-7,LP,mofvRevisited2,353.719
Kirlik14-ILP_p-3_n-30_m-15_ins-8,LP,mofvRevisited2,2787.79
Kirlik14-ILP_p-3_n-30_m-15_ins-9,LP,mofvRevisited2,225.978
Kirlik14-ILP_p-4_n-10_m-5_ins-1,LP,mofvRevisited2,15.4669
Kirlik14-ILP_p-4_n-10_m-5_ins-10,LP,mofvRevisited2,1.94744
Kirlik14-ILP_p-4_n-10_m-5_ins-2,LP,mofvRevisited2,2.93842
Kirlik14-ILP_p-4_n-10_m-5_ins-3,LP,mofvRevisited2,19.044
Kirlik14-ILP_p-4_n-10_m-5_ins-4,LP,mofvRevisited2,1.06262
Kirlik14-ILP_p-4_n-10_m-5_ins-5,LP,mofvRevisited2,18.9709
Kirlik14-ILP_p-4_n-10_m-5_ins-6,LP,mofvRevisited2,12.7142
Kirlik14-ILP_p-4_n-10_m-5_ins-7,LP,mofvRevisited2,3.11205
Kirlik14-ILP_p-4_n-10_m-5_ins-8,LP,mofvRevisited2,1.9356
Kirlik14-ILP_p-4_n-10_m-5_ins-9,LP,mofvRevisited2,3.21571
Kirlik14-ILP_p-4_n-20_m-10_ins-1,LP,mofvRevisited2,305.061
Kirlik14-ILP_p-4_n-20_m-10_ins-10,LP,mofvRevisited2,104.961
Kirlik14-ILP_p-4_n-20_m-10_ins-2,LP,mofvRevisited2,28.4327
Kirlik14-ILP_p-4_n-20_m-10_ins-3,LP,mofvRevisited2,13.0135
Kirlik14-ILP_p-4_n-20_m-10_ins-4,LP,mofvRevisited2,569.508
Kirlik14-ILP_p-4_n-20_m-10_ins-5,LP,mofvRevisited2,672.221
Kirlik14-ILP_p-4_n-20_m-10_ins-6,LP,mofvRevisited2,506.791
Kirlik14-ILP_p-4_n-20_m-10_ins-7,LP,mofvRevisited2,1748.72
Kirlik14-ILP_p-4_n-20_m-10_ins-8,LP,mofvRevisited2,486.549
Kirlik14-ILP_p-4_n-20_m-10_ins-9,LP,mofvRevisited2,81.1149
Kirlik14-ILP_p-4_n-30_m-15_ins-1,LP,mofvRevisited2,511.662
Kirlik14-ILP_p-4_n-30_m-15_ins-10,LP,mofvRevisited2,3427.27
Kirlik14-ILP_p-4_n-30_m-15_ins-2,LP,mofvRevisited2,3584.05
Kirlik14-ILP_p-4_n-30_m-15_ins-3,LP,mofvRevisited2,1662.61
Kirlik14-ILP_p-4_n-30_m-15_ins-4,LP,mofvRevisited2,3586.28
Kirlik14-ILP_p-4_n-30_m-15_ins-5,LP,mofvRevisited2,2000.61
Kirlik14-ILP_p-4_n-30_m-15_ins-6,LP,mofvRevisited2,67.5528
Kirlik14-ILP_p-4_n-30_m-15_ins-7,LP,mofvRevisited2,1334.58
Kirlik14-ILP_p-4_n-30_m-15_ins-8,LP,mofvRevisited2,3535.92
Kirlik14-ILP_p-4_n-30_m-15_ins-9,LP,mofvRevisited2,1776.75
Kirlik14-ILP_p-5_n-10_m-5_ins-1,LP,mofvRevisited2,5.24521
Kirlik14-ILP_p-5_n-10_m-5_ins-10,LP,mofvRevisited2,22.7055
Kirlik14-ILP_p-5_n-10_m-5_ins-2,LP,mofvRevisited2,13.6662
Kirlik14-ILP_p-5_n-10_m-5_ins-3,LP,mofvRevisited2,18.9902
Kirlik14-ILP_p-5_n-10_m-5_ins-4,LP,mofvRevisited2,11.7941
Kirlik14-ILP_p-5_n-10_m-5_ins-5,LP,mofvRevisited2,19.6396
Kirlik14-ILP_p-5_n-10_m-5_ins-6,LP,mofvRevisited2,3.56302
Kirlik14-ILP_p-5_n-10_m-5_ins-7,LP,mofvRevisited2,2.20971
Kirlik14-ILP_p-5_n-10_m-5_ins-8,LP,mofvRevisited2,11.1368
Kirlik14-ILP_p-5_n-10_m-5_ins-9,LP,mofvRevisited2,1.22632
Kirlik14-ILP_p-5_n-20_m-10_ins-1,LP,mofvRevisited2,3573.5
Forget21-UFLP_3_5_1-1000_1-100_spheredown_1_1,LP,mofvRevisited2,0.277542
Forget21-UFLP_3_5_1-1000_1-100_spheredown_1_1,WLP,mofvRevisited2,0.326049
Forget21-UFLP_3_5_1-1000_1-100_spheredown_1_10,LP,mofvRevisited2,0.385851
Forget21-UFLP_3_5_1-1000_1-100_spheredown_1_10,WLP,mofvRevisited2,0.348845
Forget21-UFLP_3_5_1-1000_1-100_spheredown_1_2,LP,mofvRevisited2,0.311451
Forget21-UFLP_3_5_1-1000_1-100_spheredown_1_2,WLP,mofvRevisited2,0.294041
Forget21-UFLP_3_5_1-1000_1-100_spheredown_1_3,LP,mofvRevisited2,0.363453
Forget21-UFLP_3_5_1-1000_1-100_spheredown_1_3,WLP,mofvRevisited2,0.36338
Forget21-UFLP_3_5_1-1000_1-100_spheredown_1_4,LP,mofvRevisited2,0.406242
Forget21-UFLP_3_5_1-1000_1-100_spheredown_1_4,WLP,mofvRevisited2,0.54081
Forget21-UFLP_3_5_1-1000_1-100_spheredown_1_5,LP,mofvRevisited2,0.399627
Forget21-UFLP_3_5_1-1000_1-100_spheredown_1_5,WLP,mofvRevisited2,0.521313
Forget21-UFLP_3_5_1-1000_1-100_spheredown_1_6,LP,mofvRevisited2,0.364586
Forget21-UFLP_3_5_1-1000_1-100_spheredown_1_6,WLP,mofvRevisited2,0.225738
Forget21-UFLP_3_5_1-1000_1-100_spheredown_1_7,LP,mofvRevisited2,0.326478
Forget21-UFLP_3_5_1-1000_1-100_spheredown_1_7,WLP,mofvRevisited2,0.324825
Forget21-UFLP_3_5_1-1000_1-100_spheredown_1_8,LP,mofvRevisited2,0.29441
Forget21-UFLP_3_5_1-1000_1-100_spheredown_1_8,WLP,mofvRevisited2,0.337872
Forget21-UFLP_3_5_1-1000_1-100_spheredown_1_9,LP,mofvRevisited2,0.247484
Forget21-UFLP_3_5_1-1000_1-100_spheredown_1_9,WLP,mofvRevisited2,0.256044
Forget21-UFLP_4_4_1-1000_1-100_spheredown_1_1,LP,mofvRevisited2,2.23244
Forget21-UFLP_4_4_1-1000_1-100_spheredown_1_1,WLP,mofvRevisited2,1.41625
Forget21-UFLP_4_4_1-1000_1-100_spheredown_1_10,LP,mofvRevisited2,1.21332
Forget21-UFLP_4_4_1-1000_1-100_spheredown_1_10,WLP,mofvRevisited2,0.799684
Forget21-UFLP_4_4_1-1000_1-100_spheredown_1_2,LP,mofvRevisited2,2.29242
Forget21-UFLP_4_4_1-1000_1-100_spheredown_1_2,WLP,mofvRevisited2,1.29239
Forget21-UFLP_4_4_1-1000_1-100_spheredown_1_3,LP,mofvRevisited2,2.43349
Forget21-UFLP_4_4_1-1000_1-100_spheredown_1_3,WLP,mofvRevisited2,1.48336
Forget21-UFLP_4_4_1-1000_1-100_spheredown_1_4,LP,mofvRevisited2,1.86424
Forget21-UFLP_4_4_1-1000_1-100_spheredown_1_4,WLP,mofvRevisited2,1.24388
Forget21-UFLP_4_4_1-1000_1-100_spheredown_1_5,LP,mofvRevisited2,2.29518
Forget21-UFLP_4_4_1-1000_1-100_spheredown_1_5,WLP,mofvRevisited2,1.36748
Forget21-UFLP_4_4_1-1000_1-100_spheredown_1_6,LP,mofvRevisited2,2.8654
Forget21-UFLP_4_4_1-1000_1-100_spheredown_1_6,WLP,mofvRevisited2,1.61554
Forget21-UFLP_4_4_1-1000_1-100_spheredown_1_7,LP,mofvRevisited2,1.75084
Forget21-UFLP_4_4_1-1000_1-100_spheredown_1_7,WLP,mofvRevisited2,1.09392
Forget21-UFLP_4_4_1-1000_1-100_spheredown_1_8,LP,mofvRevisited2,2.03672
Forget21-UFLP_4_4_1-1000_1-100_spheredown_1_8,WLP,mofvRevisited2,1.33399
Forget21-UFLP_4_4_1-1000_1-100_spheredown_1_9,LP,mofvRevisited2,2.28693
Forget21-UFLP_4_4_1-1000_1-100_spheredown_1_9,WLP,mofvRevisited2,1.36302
Forget21-UFLP_4_5_1-1000_1-100_spheredown_1_1,LP,mofvRevisited2,6.43621
Forget21-UFLP_4_5_1-1000_1-100_spheredown_1_1,WLP,mofvRevisited2,6.72451
Forget21-UFLP_4_5_1-1000_1-100_spheredown_1_10,LP,mofvRevisited2,7.65992
Forget21-UFLP_4_5_1-1000_1-100_spheredown_1_10,WLP,mofvRevisited2,7.88649
Forget21-UFLP_4_5_1-1000_1-100_spheredown_1_2,LP,mofvRevisited2,7.43371
Forget21-UFLP_4_5_1-1000_1-100_spheredown_1_2,WLP,mofvRevisited2,6.59321
Forget21-UFLP_4_5_1-1000_1-100_spheredown_1_3,LP,mofvRevisited2,6.56564
Forget21-UFLP_4_5_1-1000_1-100_spheredown_1_3,WLP,mofvRevisited2,6.43218
Forget21-UFLP_4_5_1-1000_1-100_spheredown_1_4,LP,mofvRevisited2,8.38289
Forget21-UFLP_4_5_1-1000_1-100_spheredown_1_4,WLP,mofvRevisited2,8.34747
Forget21-UFLP_4_5_1-1000_1-100_spheredown_1_5,LP,mofvRevisited2,7.69709
Forget21-UFLP_4_5_1-1000_1-100_spheredown_1_5,WLP,mofvRevisited2,6.74184
Forget21-UFLP_4_5_1-1000_1-100_spheredown_1_6,LP,mofvRevisited2,6.6244
Forget21-UFLP_4_5_1-1000_1-100_spheredown_1_6,WLP,mofvRevisited2,6.76699
Forget21-UFLP_4_5_1-1000_1-100_spheredown_1_7,LP,mofvRevisited2,7.79877
Forget21-UFLP_4_5_1-1000_1-100_spheredown_1_7,WLP,mofvRevisited2,6.67709
Forget21-UFLP_4_5_1-1000_1-100_spheredown_1_8,LP,mofvRevisited2,4.42679
Forget21-UFLP_4_5_1-1000_1-100_spheredown_1_8,WLP,mofvRevisited2,4.1681
Forget21-UFLP_4_5_1-1000_1-100_spheredown_1_9,LP,mofvRevisited2,6.97628
Forget21-UFLP_4_5_1-1000_1-100_spheredown_1_9,WLP,mofvRevisited2,7.43821
Forget21-UFLP_5_4_1-1000_1-100_spheredown_1_1,LP,mofvRevisited2,41.11
Forget21-UFLP_5_4_1-1000_1-100_spheredown_1_1,WLP,mofvRevisited2,20.5366
Forget21-UFLP_5_4_1-1000_1-100_spheredown_1_10,LP,mofvRevisited2,38.9193
Forget21-UFLP_5_4_1-1000_1-100_spheredown_1_10,WLP,mofvRevisited2,21.1946
Forget21-UFLP_5_4_1-1000_1-100_spheredown_1_2,LP,mofvRevisited2,34.7132
Forget21-UFLP_5_4_1-1000_1-100_spheredown_1_2,WLP,mofvRevisited2,20.531
Forget21-UFLP_5_4_1-1000_1-100_spheredown_1_3,LP,mofvRevisited2,40.024
Forget21-UFLP_5_4_1-1000_1-100_spheredown_1_3,WLP,mofvRevisited2,21.0369
Forget21-UFLP_5_4_1-1000_1-100_spheredown_1_4,LP,mofvRevisited2,40.0273
Forget21-UFLP_5_4_1-1000_1-100_spheredown_1_4,WLP,mofvRevisited2,20.9675
Forget21-UFLP_5_4_1-1000_1-100_spheredown_1_5,LP,mofvRevisited2,40.0914
Forget21-UFLP_5_4_1-1000_1-100_spheredown_1_5,WLP,mofvRevisited2,23.3084
Forget21-UFLP_5_4_1-1000_1-100_spheredown_1_6,LP,mofvRevisited2,46.5281
Forget21-UFLP_5_4_1-1000_1-100_spheredown_1_6,WLP,mofvRevisited2,27.886
Forget21-UFLP_5_4_1-1000_1-100_spheredown_1_7,LP,mofvRevisited2,39.5822
Forget21-UFLP_5_4_1-1000_1-100_spheredown_1_7,WLP,mofvRevisited2,22.388
Forget21-UFLP_5_4_1-1000_1-100_spheredown_1_8,LP,mofvRevisited2,41.6637
Forget21-UFLP_5_4_1-1000_1-100_spheredown_1_8,WLP,mofvRevisited2,24.2713
Forget21-UFLP_5_4_1-1000_1-100_spheredown_1_9,LP,mofvRevisited2,44.4168
Forget21-UFLP_5_4_1-1000_1-100_spheredown_1_9,WLP,mofvRevisited2,25.0574
Forget21-UFLP_5_5_1-1000_1-100_spheredown_1_1,LP,mofvRevisited2,155.35
Forget21-UFLP_5_5_1-1000_1-100_spheredown_1_1,WLP,mofvRevisited2,127.704
Forget21-UFLP_5_5_1-1000_1-100_spheredown_1_10,LP,mofvRevisited2,183.556
Forget21-UFLP_5_5_1-1000_1-100_spheredown_1_10,WLP,mofvRevisited2,159.265
Forget21-UFLP_5_5_1-1000_1-100_spheredown_1_2,LP,mofvRevisited2,195.662
Forget21-UFLP_5_5_1-1000_1-100_spheredown_1_2,WLP,mofvRevisited2,157.696
Forget21-UFLP_5_5_1-1000_1-100_spheredown_1_3,LP,mofvRevisited2,151.924
Forget21-UFLP_5_5_1-1000_1-100_spheredown_1_3,WLP,mofvRevisited2,129.935
Forget21-UFLP_5_5_1-1000_1-100_spheredown_1_4,LP,mofvRevisited2,178.916
Forget21-UFLP_5_5_1-1000_1-100_spheredown_1_4,WLP,mofvRevisited2,139.122
Forget21-UFLP_5_5_1-1000_1-100_spheredown_1_5,LP,mofvRevisited2,175.964
Forget21-UFLP_5_5_1-1000_1-100_spheredown_1_5,WLP,mofvRevisited2,146.059
Forget21-UFLP_5_5_1-1000_1-100_spheredown_1_6,LP,mofvRevisited2,155.482
Forget21-UFLP_5_5_1-1000_1-100_spheredown_1_6,WLP,mofvRevisited2,141.153
Forget21-UFLP_5_5_1-1000_1-100_spheredown_1_7,LP,mofvRevisited2,187.037
Forget21-UFLP_5_5_1-1000_1-100_spheredown_1_7,WLP,mofvRevisited2,146.557
Forget21-UFLP_5_5_1-1000_1-100_spheredown_1_8,LP,mofvRevisited2,150.159
Forget21-UFLP_5_5_1-1000_1-100_spheredown_1_8,WLP,mofvRevisited2,127.863
Forget21-UFLP_5_5_1-1000_1-100_spheredown_1_9,LP,mofvRevisited2,150.815
Forget21-UFLP_5_5_1-1000_1-100_spheredown_1_9,WLP,mofvRevisited2,139.38
Forget21-UFLP_6_3_1-1000_1-100_spheredown_1_1,LP,mofvRevisited2,66.5412
Forget21-UFLP_6_3_1-1000_1-100_spheredown_1_1,WLP,mofvRevisited2,32.673
Forget21-UFLP_6_3_1-1000_1-100_spheredown_1_10,LP,mofvRevisited2,101.369
Forget21-UFLP_6_3_1-1000_1-100_spheredown_1_10,WLP,mofvRevisited2,50.1794
Forget21-UFLP_6_3_1-1000_1-100_spheredown_1_2,LP,mofvRevisited2,63.9585
Forget21-UFLP_6_3_1-1000_1-100_spheredown_1_2,WLP,mofvRevisited2,31.9337
Forget21-UFLP_6_3_1-1000_1-100_spheredown_1_3,LP,mofvRevisited2,78.2374
Forget21-UFLP_6_3_1-1000_1-100_spheredown_1_3,WLP,mofvRevisited2,39.5116
Forget21-UFLP_6_3_1-1000_1-100_spheredown_1_4,LP,mofvRevisited2,103.599
Forget21-UFLP_6_3_1-1000_1-100_spheredown_1_4,WLP,mofvRevisited2,49.8165
Forget21-UFLP_6_3_1-1000_1-100_spheredown_1_5,LP,mofvRevisited2,73.3154
Forget21-UFLP_6_3_1-1000_1-100_spheredown_1_5,WLP,mofvRevisited2,36.7129
Forget21-UFLP_6_3_1-1000_1-100_spheredown_1_6,LP,mofvRevisited2,95.8099
Forget21-UFLP_6_3_1-1000_1-100_spheredown_1_6,WLP,mofvRevisited2,46.6379
Forget21-UFLP_6_3_1-1000_1-100_spheredown_1_7,LP,mofvRevisited2,87.3343
Forget21-UFLP_6_3_1-1000_1-100_spheredown_1_7,WLP,mofvRevisited2,43.7236
Forget21-UFLP_6_3_1-1000_1-100_spheredown_1_8,LP,mofvRevisited2,87.4399
Forget21-UFLP_6_3_1-1000_1-100_spheredown_1_8,WLP,mofvRevisited2,44.4209
Forget21-UFLP_6_3_1-1000_1-100_spheredown_1_9,LP,mofvRevisited2,112.565
Forget21-UFLP_6_3_1-1000_1-100_spheredown_1_9,WLP,mofvRevisited2,54.788
Forget21-UFLP_6_4_1-1000_1-100_spheredown_1_1,LP,mofvRevisited2,585.006
Forget21-UFLP_6_4_1-1000_1-100_spheredown_1_1,WLP,mofvRevisited2,325.508
Forget21-UFLP_6_4_1-1000_1-100_spheredown_1_10,LP,mofvRevisited2,614.91
Forget21-UFLP_6_4_1-1000_1-100_spheredown_1_10,WLP,mofvRevisited2,361.27
Forget21-UFLP_6_4_1-1000_1-100_spheredown_1_2,LP,mofvRevisited2,558.949
Forget21-UFLP_6_4_1-1000_1-100_spheredown_1_2,WLP,mofvRevisited2,324.884
Forget21-UFLP_6_4_1-1000_1-100_spheredown_1_3,LP,mofvRevisited2,510.137
Forget21-UFLP_6_4_1-1000_1-100_spheredown_1_3,WLP,mofvRevisited2,298.59
Forget21-UFLP_6_4_1-1000_1-100_spheredown_1_4,LP,mofvRevisited2,739.816
Forget21-UFLP_6_4_1-1000_1-100_spheredown_1_4,WLP,mofvRevisited2,461.609
Forget21-UFLP_6_4_1-1000_1-100_spheredown_1_5,LP,mofvRevisited2,506.342
Forget21-UFLP_6_4_1-1000_1-100_spheredown_1_5,WLP,mofvRevisited2,297.015
Forget21-UFLP_6_4_1-1000_1-100_spheredown_1_6,LP,mofvRevisited2,487.323
Forget21-UFLP_6_4_1-1000_1-100_spheredown_1_6,WLP,mofvRevisited2,287.312
Forget21-UFLP_6_4_1-1000_1-100_spheredown_1_7,LP,mofvRevisited2,570.543
Forget21-UFLP_6_4_1-1000_1-100_spheredown_1_7,WLP,mofvRevisited2,332.915
Forget21-UFLP_6_4_1-1000_1-100_spheredown_1_8,LP,mofvRevisited2,679.939
Forget21-UFLP_6_4_1-1000_1-100_spheredown_1_8,WLP,mofvRevisited2,376.799
Forget21-UFLP_6_4_1-1000_1-100_spheredown_1_9,LP,mofvRevisited2,559.814
Forget21-UFLP_6_4_1-1000_1-100_spheredown_1_9,WLP,mofvRevisited2,338.927
Forget21-UFLP_7_3_1-1000_1-100_spheredown_1_1,LP,mofvRevisited2,450.273
Forget21-UFLP_7_3_1-1000_1-100_spheredown_1_1,WLP,mofvRevisited2,227.265
Forget21-UFLP_7_3_1-1000_1-100_spheredown_1_2,LP,mofvRevisited2,385.776
Forget21-UFLP_7_3_1-1000_1-100_spheredown_1_2,WLP,mofvRevisited2,195.642
Forget21-UFLP_7_3_1-1000_1-100_spheredown_1_3,LP,mofvRevisited2,624.063
Forget21-UFLP_7_3_1-1000_1-100_spheredown_1_3,WLP,mofvRevisited2,303.055
Forget21-UFLP_7_3_1-1000_1-100_spheredown_1_4,LP,mofvRevisited2,538.415
Forget21-UFLP_7_3_1-1000_1-100_spheredown_1_4,WLP,mofvRevisited2,266.268
Forget21-UFLP_7_3_1-1000_1-100_spheredown_1_5,LP,mofvRevisited2,482.615
Forget21-UFLP_7_3_1-1000_1-100_spheredown_1_5,WLP,mofvRevisited2,251.774
Forget21-UFLP_7_3_1-1000_1-100_spheredown_1_6,LP,mofvRevisited2,488.531
Forget21-UFLP_7_3_1-1000_1-100_spheredown_1_6,WLP,mofvRevisited2,244.075
Forget21-UFLP_7_3_1-1000_1-100_spheredown_1_7,LP,mofvRevisited2,447.487
Forget21-UFLP_7_3_1-1000_1-100_spheredown_1_7,WLP,mofvRevisited2,235.403
Forget21-UFLP_7_3_1-1000_1-100_spheredown_1_8,LP,mofvRevisited2,534.064
Forget21-UFLP_7_3_1-1000_1-100_spheredown_1_8,WLP,mofvRevisited2,275.829
Forget21-UFLP_7_3_1-1000_1-100_spheredown_1_9,LP,mofvRevisited2,502.483
Forget21-UFLP_7_3_1-1000_1-100_spheredown_1_9,WLP,mofvRevisited2,262.438
Forget21-UFLP_7_4_1-1000_1-100_spheredown_1_1,LP,mofvRevisited2,3598.78
Forget21-UFLP_7_4_1-1000_1-100_spheredown_1_1,WLP,mofvRevisited2,3577.83
Forget21-UFLP_7_4_1-1000_1-100_spheredown_1_10,LP,mofvRevisited2,3594.43
Forget21-UFLP_7_4_1-1000_1-100_spheredown_1_10,WLP,mofvRevisited2,3537.38
Forget21-UFLP_7_4_1-1000_1-100_spheredown_1_2,LP,mofvRevisited2,3589.23
Forget21-UFLP_7_4_1-1000_1-100_spheredown_1_2,WLP,mofvRevisited2,3593.13
Forget21-UFLP_7_4_1-1000_1-100_spheredown_1_3,LP,mofvRevisited2,3597.29
Forget21-UFLP_7_4_1-1000_1-100_spheredown_1_3,WLP,mofvRevisited2,3575.28
Forget21-UFLP_7_4_1-1000_1-100_spheredown_1_4,LP,mofvRevisited2,3599.98
Forget21-UFLP_7_4_1-1000_1-100_spheredown_1_4,WLP,mofvRevisited2,3589.59
